Thumb Flex,Pointer Flex,Middle Flex,Ring and Pinky Flex,Fist
0.07299995422363281,93,93,93,93,93
0,0,0,0,0
0.2219998836517334,93,93,93,93,93
0.2219998836517334,93,93,93,93,93
0.32200002670288086,93,93,93,93,93
0.4219999313354492,93,93,93,93,93
0.5230000019073486,93,93,93,93,93
0.621999979019165,93,93,93,93,93
0.7230000495910645,93,93,93,93,93
0.8229999542236328,93,93,93,93,93
0.9219999313354492,93,93,93,93,93
1.0230000019073486,93,93,93,93,93
1.122999906539917,93,93,93,93,93
1.2219998836517334,93,93,93,93,93
1.3229999542236328,93,93,93,93,93
1.4229998588562012,93,93,93,93,93
1.5220000743865967,93,93,93,93,93
1.621999979019165,93,93,93,93,93
1.7230000495910645,93,93,93,93,93
1.8220000267028809,93,93,93,93,93
1.9219999313354492,93,93,93,93,93
2.0230000019073486,93,93,93,93,93
2.121999979019165,93,93,93,93,93
2.2230000495910645,93,93,93,93,93
2.322999954223633,93,93,93,93,93
2.421999931335449,93,93,93,93,93
2.5230000019073486,93,93,93,93,93
2.622999906539917,93,93,93,93,93
2.7219998836517334,93,93,93,93,93
2.822999954223633,93,93,93,93,93
2.922999858856201,93,93,93,93,93
3.0220000743865967,93,93,93,93,93
3.122999906539917,93,93,93,93,93
3.2230000495910645,93,93,93,93,93
3.322999954223633,93,93,93,93,93
3.4240000247955322,93,93,93,93,93
3.5230000019073486,93,93,93,93,93
3.622999906539917,93,93,93,93,93
3.7230000495910645,93,93,93,93,93
3.822999954223633,93,93,93,93,93
3.922999858856201,93,93,93,93,93
4.023999929428101,93,93,93,93,93
4.122999906539917,93,93,93,93,93
4.223999977111816,93,93,93,93,93
4.323999881744385,93,93,93,93,93
4.422999858856201,93,93,93,93,93
4.523000001907349,93,93,93,93,93
4.624000072479248,93,93,93,93,93
4.7230000495910645,93,93,93,93,93
4.823999881744385,93,93,93,93,93
4.922999858856201,93,93,93,93,93
5.023000001907349,93,93,93,93,93
5.122999906539917,93,93,93,93,93
5.2230000495910645,93,93,93,93,93
5.322999954223633,93,93,93,93,93
5.422999858856201,93,93,93,93,93
5.523999929428101,93,93,93,93,93
5.622999906539917,93,93,93,93,93
5.7230000495910645,93,93,93,93,93
5.823999881744385,93,93,93,93,93
5.924000024795532,93,93,93,93,93
6.023999929428101,93,93,93,93,93
6.124000072479248,93,93,93,93,93
6.2230000495910645,93,93,93,93,93
6.323999881744385,93,93,93,93,93
6.422999858856201,93,93,93,93,93
6.523000001907349,93,93,93,93,93
6.624000072479248,93,93,93,93,93
6.7230000495910645,93,93,93,93,93
6.822999954223633,93,93,93,93,93
6.922999858856201,93,93,93,93,93
7.022000074386597,93,93,93,93,93
7.122999906539917,93,93,93,93,93
7.2230000495910645,93,93,93,93,93
7.322000026702881,93,93,93,93,93
7.422999858856201,93,93,93,93,93
7.523000001907349,93,93,93,93,93
7.621999979019165,93,93,93,93,93
7.7230000495910645,93,93,93,93,93
7.822999954223633,93,93,93,93,93
7.922999858856201,93,93,93,93,93
8.023000001907349,93,93,93,93,93
8.122999906539917,93,93,93,93,93
8.223000049591064,93,93,93,93,93
8.322999954223633,93,93,93,93,93
8.422999858856201,93,93,93,93,93
8.523000001907349,93,93,93,93,93
8.622999906539917,93,93,93,93,93
8.723999977111816,93,93,93,93,93
8.822999954223633,93,93,93,93,93
8.922999858856201,93,93,93,93,93
9.0239999294281,93,93,93,93,93
9.122999906539917,93,93,93,93,93
9.223000049591064,93,93,93,93,93
9.323999881744385,93,93,93,93,93
9.422999858856201,93,93,93,93,93
9.5239999294281,93,93,93,93,93
9.622999906539917,93,93,93,93,93
9.723000049591064,93,93,93,93,93
9.823999881744385,93,93,93,93,93
9.922999858856201,93,93,93,93,93
10.0239999294281,93,93,93,93,93
10.122999906539917,93,93,93,93,93
10.221999883651733,93,93,93,93,93
10.322999954223633,93,93,93,93,93
10.422999858856201,93,93,93,93,93
10.522000074386597,93,93,93,93,93
10.622999906539917,93,93,93,93,93
10.723000049591064,93,93,93,93,93
10.822999954223633,93,93,93,93,93
10.922999858856201,93,93,93,93,93
11.023000001907349,93,93,93,93,93
11.122999906539917,93,93,93,93,93
11.223000049591064,93,93,93,93,93
11.322999954223633,93,93,93,93,93
11.422999858856201,93,93,93,93,93
11.523000001907349,93,93,93,93,93
11.622999906539917,93,93,93,93,93
11.723000049591064,93,93,93,93,93
11.822999954223633,93,93,93,93,93
11.924000024795532,93,93,93,93,93
12.023000001907349,93,93,93,93,93
12.122999906539917,93,93,93,93,93
12.223999977111816,93,93,93,93,93
12.322999954223633,93,93,93,93,93
12.422999858856201,93,93,93,93,93
12.5239999294281,93,93,93,93,93
12.622999906539917,93,93,93,93,93
12.723999977111816,93,93,93,93,93
12.822999954223633,93,93,93,93,93
12.922999858856201,93,93,93,93,93
13.0239999294281,93,93,93,93,93
13.122999906539917,93,93,93,93,93
13.223000049591064,93,93,93,93,93
13.323999881744385,93,93,93,93,93
13.422999858856201,93,93,93,93,93
13.523000001907349,93,93,93,93,93
13.624000072479248,93,93,93,93,93
13.723000049591064,93,93,93,93,93
13.822999954223633,93,93,93,93,93
13.924000024795532,93,93,93,93,93
14.023000001907349,93,93,93,93,93
14.121999979019165,93,93,93,93,93
14.223000049591064,93,93,93,93,93
14.32200002670288,93,93,93,93,93
14.422999858856201,93,93,93,93,93
14.5239999294281,93,93,93,93,93
14.622999906539917,93,93,93,93,93
14.723000049591064,93,93,93,93,93
14.823999881744385,93,93,93,93,93
14.922999858856201,93,93,93,93,93
15.0239999294281,93,93,93,93,93
15.122999906539917,93,93,93,93,93
15.223000049591064,93,93,93,93,93
15.322999954223633,93,93,93,93,93
15.422999858856201,93,93,93,93,93
15.523000001907349,93,93,93,93,93
15.622999906539917,93,93,93,93,93
15.723000049591064,93,93,93,93,93
15.822999954223633,93,93,93,93,93
15.922999858856201,93,93,93,93,93
16.02300000190735,93,93,93,93,93
16.122999906539917,93,93,93,93,93
16.223000049591064,93,93,93,93,93
16.32200002670288,93,93,93,93,93
16.4229998588562,93,93,93,93,93
16.52300000190735,93,93,93,93,93
16.621999979019165,93,93,93,93,93
16.723000049591064,93,93,93,93,93
16.822999954223633,93,93,93,93,93
16.9229998588562,93,93,93,93,93
17.02300000190735,93,93,93,93,93
17.122999906539917,93,93,93,93,93
17.223000049591064,93,93,93,93,93
17.322999954223633,93,93,93,93,93
17.4229998588562,93,93,93,93,93
17.52300000190735,93,93,93,93,93
17.622999906539917,93,93,93,93,93
17.723000049591064,93,93,93,93,93
17.822999954223633,93,93,93,93,93
17.9229998588562,93,93,93,93,93
18.02300000190735,93,93,93,93,93
18.122999906539917,93,93,93,93,93
18.223000049591064,93,93,93,93,93
18.322999954223633,93,93,93,93,93
18.4229998588562,93,93,93,93,93
18.52300000190735,93,93,93,93,93
18.622999906539917,93,93,93,93,93
18.723000049591064,93,93,93,93,93
18.822999954223633,93,93,93,93,93
18.9229998588562,93,93,93,93,93
19.02300000190735,93,93,93,93,93
19.122999906539917,93,93,93,93,93
19.223000049591064,93,93,93,93,93
19.322999954223633,93,93,93,93,93
19.4229998588562,93,93,93,93,93
19.52300000190735,93,93,93,93,93
19.622999906539917,93,93,93,93,93
19.723000049591064,93,93,93,93,93
19.822999954223633,93,93,93,93,93
19.9229998588562,93,93,93,93,93
20.0239999294281,93,93,93,93,93
20.122999906539917,93,93,93,93,93
20.223000049591064,93,93,93,93,93
20.322999954223633,93,93,93,93,93
20.42199993133545,93,93,93,93,93
20.52300000190735,93,93,93,93,93
20.622999906539917,93,93,93,93,93
20.723000049591064,93,93,93,93,93
20.822999954223633,93,93,93,93,93
20.9229998588562,93,93,93,93,93
21.02300000190735,93,93,93,93,93
21.122999906539917,93,93,93,93,93
21.223000049591064,93,93,93,93,93
21.322999954223633,93,93,93,93,93
21.4229998588562,93,93,93,93,93
21.52300000190735,93,93,93,93,93
21.622999906539917,93,93,93,93,93
21.723000049591064,93,93,93,93,93
21.822999954223633,93,93,93,93,93
21.9229998588562,93,93,93,93,93
22.02300000190735,93,93,93,93,93
22.122999906539917,93,93,93,93,93
22.223000049591064,93,93,93,93,93
22.322999954223633,93,93,93,93,93
22.4229998588562,93,93,93,93,93
22.52300000190735,93,93,93,93,93
22.622999906539917,93,93,93,93,93
22.723000049591064,93,93,93,93,93
22.822999954223633,93,93,93,93,93
22.9229998588562,93,93,93,93,93
23.02300000190735,93,93,93,93,93
23.122999906539917,93,93,93,93,93
23.223000049591064,93,93,93,93,93
23.322999954223633,93,93,93,93,93
23.4229998588562,93,93,93,93,93
23.52300000190735,93,93,93,93,93
23.622999906539917,93,93,93,93,93
23.723000049591064,93,93,93,93,93
23.823999881744385,93,93,93,93,93
23.9229998588562,93,93,93,93,93
24.02300000190735,93,93,93,93,93
24.122999906539917,93,93,93,93,93
24.221999883651733,93,93,93,93,93
24.322999954223633,93,93,93,93,93
24.4229998588562,93,93,93,93,93
24.52300000190735,93,93,93,93,93
24.622999906539917,93,93,93,93,93
24.723000049591064,93,93,93,93,93
24.82200002670288,93,93,93,93,93
24.9229998588562,93,93,93,93,93
25.02300000190735,93,93,93,93,93
25.122999906539917,93,93,93,93,93
25.223000049591064,93,93,93,93,93
25.322999954223633,93,93,93,93,93
25.4229998588562,93,93,93,93,93
25.52300000190735,93,93,93,93,93
25.621999979019165,93,93,93,93,93
25.723000049591064,93,93,93,93,93
25.822999954223633,93,93,93,93,93
25.92199993133545,93,93,93,93,93
26.02300000190735,93,93,93,93,93
26.122999906539917,93,93,93,93,93
26.223000049591064,93,93,93,93,93
26.322999954223633,93,93,93,93,93
26.4229998588562,93,93,93,93,93
26.52300000190735,93,93,93,93,93
26.622999906539917,93,93,93,93,93
26.723000049591064,93,93,93,93,93
26.822999954223633,93,93,93,93,93
26.92199993133545,93,93,93,93,93
27.02300000190735,93,93,93,93,93
27.122999906539917,93,93,93,93,93
27.223000049591064,93,93,93,93,93
27.323999881744385,93,93,93,93,93
27.42199993133545,93,93,93,93,93
27.52300000190735,93,93,93,93,93
27.622999906539917,93,93,93,93,93
27.721999883651733,93,93,93,93,93
27.822999954223633,93,93,93,93,93
27.9229998588562,93,93,93,93,93
28.02300000190735,93,93,93,93,93
28.122999906539917,93,93,93,93,93
28.223000049591064,93,93,93,93,93
28.322999954223633,93,93,93,93,93
28.4229998588562,93,93,93,93,93
28.5239999294281,93,93,93,93,93
28.622999906539917,93,93,93,93,93
28.723999977111816,93,93,93,93,93
28.822999954223633,93,93,93,93,93
28.92199993133545,93,93,93,93,93
29.02300000190735,93,93,93,93,93
29.121999979019165,93,93,93,93,93
29.223999977111816,93,93,93,93,93
29.323999881744385,93,93,93,93,93
29.42199993133545,93,93,93,93,93
29.52300000190735,93,93,93,93,93
29.622999906539917,93,93,93,93,93
29.723000049591064,93,93,93,93,93
29.82200002670288,93,93,93,93,93
29.9229998588562,93,93,93,93,93
30.022000074386597,93,93,93,93,93
30.122999906539917,93,93,93,93,93
30.223000049591064,93,93,93,93,93
30.32200002670288,93,93,93,93,93
30.4229998588562,93,93,93,93,93
30.5239999294281,93,93,93,93,93
30.621999979019165,93,93,93,93,93
30.723000049591064,93,93,93,93,93
30.822999954223633,93,93,93,93,93
30.92199993133545,93,93,93,93,93
31.02300000190735,93,93,93,93,93
31.122999906539917,93,93,93,93,93
31.223000049591064,93,93,93,93,93
31.322999954223633,93,93,93,93,93
31.4229998588562,93,93,93,93,93
31.52300000190735,93,93,93,93,93
31.624000072479248,93,93,93,93,93
31.723999977111816,93,93,93,93,93
31.822999954223633,93,93,93,93,93
31.9229998588562,93,93,93,93,93
32.0220000743866,93,93,93,93,93
32.12299990653992,93,93,93,93,93
32.223000049591064,93,93,93,93,93
32.32099986076355,93,93,93,93,93
32.42199993133545,93,93,93,93,93
32.5220000743866,93,93,93,93,93
32.621999979019165,93,93,93,93,93
32.72199988365173,93,93,93,93,93
32.82299995422363,93,93,93,93,93
32.92199993133545,93,93,93,93,93
33.02300000190735,93,93,93,93,93
33.12299990653992,93,93,93,93,93
33.22199988365173,93,93,93,93,93
33.32299995422363,93,93,93,93,93
33.4229998588562,93,93,93,93,93
33.5220000743866,93,93,93,93,93
33.62299990653992,93,93,93,93,93
33.723000049591064,93,93,93,93,93
33.82299995422363,93,93,93,93,93
33.9229998588562,93,93,93,93,93
34.0239999294281,93,93,93,93,93
34.12299990653992,93,93,93,93,93
34.22199988365173,93,93,93,93,93
34.32299995422363,93,93,93,93,93
34.42199993133545,93,93,93,93,93
34.5220000743866,93,93,93,93,93
34.62299990653992,93,93,93,93,93
34.72199988365173,93,93,93,93,93
34.82200002670288,93,93,93,93,93
34.9229998588562,93,93,93,93,93
35.0220000743866,93,93,93,93,93
35.121999979019165,93,93,93,93,93
35.22199988365173,93,93,93,93,93
35.32200002670288,93,93,93,93,93
35.42199993133545,93,93,93,93,93
35.5220000743866,93,93,93,93,93
35.621999979019165,93,93,93,93,93
35.723000049591064,93,93,93,93,93
35.82200002670288,93,93,93,93,93
35.9229998588562,93,93,93,93,93
36.02300000190735,93,93,93,93,93
36.121999979019165,93,93,93,93,93
36.223000049591064,93,93,93,93,93
36.32299995422363,93,93,93,93,93
36.42199993133545,93,93,93,93,93
36.5220000743866,93,93,93,93,93
36.621999979019165,93,93,93,93,93
36.72199988365173,93,93,93,93,93
36.82200002670288,93,93,93,93,93
36.9229998588562,93,93,93,93,93
37.0220000743866,93,93,93,93,93
37.121999979019165,93,93,93,93,93
37.223000049591064,93,93,93,93,93
37.32200002670288,93,93,93,93,93
37.42199993133545,93,93,93,93,93
37.52300000190735,93,93,93,93,93
37.621999979019165,93,93,93,93,93
37.72199988365173,93,93,93,93,93
37.82299995422363,93,93,93,93,93
37.9229998588562,93,93,93,93,93
38.02300000190735,93,93,93,93,93
38.12299990653992,93,93,93,93,93
38.223000049591064,93,93,93,93,93
38.32299995422363,93,93,93,93,93
38.42199993133545,93,93,93,93,93
38.52300000190735,93,93,93,93,93
38.62299990653992,93,93,93,93,93
38.72099995613098,93,93,93,93,93
38.82200002670288,93,93,93,93,93
38.92199993133545,93,93,93,93,93
39.020999908447266,93,93,93,93,93
39.121999979019165,93,93,93,93,93
39.22199988365173,93,93,93,93,93
39.32200002670288,93,93,93,93,93
39.42199993133545,93,93,93,93,93
39.5220000743866,93,93,93,93,93
39.621999979019165,93,93,93,93,93
39.72199988365173,93,93,93,93,93
39.82299995422363,93,93,93,93,93
39.92199993133545,93,93,93,93,93
40.0220000743866,93,93,93,93,93
40.12299990653992,93,93,93,93,93
40.22199988365173,93,93,93,93,93
40.32200002670288,93,93,93,93,93
40.4229998588562,93,93,93,93,93
40.5220000743866,93,93,93,93,93
40.621999979019165,93,93,93,93,93
40.72199988365173,93,93,93,93,93
40.82200002670288,93,93,93,93,93
40.92199993133545,93,93,93,93,93
41.0220000743866,93,93,93,93,93
41.121999979019165,93,93,93,93,93
41.22199988365173,93,93,93,93,93
41.32200002670288,93,93,93,93,93
41.42199993133545,93,93,93,93,93
41.52300000190735,93,93,93,93,93
41.621999979019165,93,93,93,93,93
41.723000049591064,93,93,93,93,93
41.82200002670288,93,93,93,93,93
41.9210000038147,93,93,93,93,93
42.0220000743866,93,93,93,93,93
42.121999979019165,93,93,93,93,93
42.22099995613098,93,93,93,93,93
42.32200002670288,93,93,93,93,93
42.42199993133545,93,93,93,93,93
42.5220000743866,93,93,93,93,93
42.621999979019165,93,93,93,93,93
42.72199988365173,93,93,93,93,93
42.82200002670288,93,93,93,93,93
42.92199993133545,93,93,93,93,93
43.02300000190735,93,93,93,93,93
43.12299990653992,93,93,93,93,93
43.223000049591064,93,93,93,93,93
43.32200002670288,93,93,93,93,93
43.4210000038147,93,93,93,93,93
43.5220000743866,93,93,93,93,93
43.621999979019165,93,93,93,93,93
43.72199988365173,93,93,93,93,93
43.82200002670288,93,93,93,93,93
43.92199993133545,93,93,93,93,93
44.0220000743866,93,93,93,93,93
44.121999979019165,93,93,93,93,93
44.22199988365173,93,93,93,93,93
44.32200002670288,93,93,93,93,93
44.4229998588562,93,93,93,93,93
44.52300000190735,93,93,93,93,93
44.621999979019165,93,93,93,93,93
44.723000049591064,93,93,93,93,93
44.82200002670288,93,93,93,93,93
44.92199993133545,93,93,93,93,93
45.02300000190735,93,93,93,93,93
45.12100005149841,93,93,93,93,93
45.22199988365173,93,93,93,93,93
45.32200002670288,93,93,93,93,93
45.4210000038147,93,93,93,93,93
45.5220000743866,93,93,93,93,93
45.621999979019165,93,93,93,93,93
45.72199988365173,93,93,93,93,93
45.82200002670288,93,93,93,93,93
45.92199993133545,93,93,93,93,93
46.0220000743866,93,93,93,93,93
46.121999979019165,93,93,93,93,93
46.22199988365173,93,93,93,93,93
46.32200002670288,93,93,93,93,93
46.42199993133545,93,93,93,93,93
46.52300000190735,93,93,93,93,93
46.621999979019165,93,93,93,93,93
46.72199988365173,93,93,93,93,93
46.82299995422363,93,93,93,93,93
46.92199993133545,93,93,93,93,93
47.02300000190735,93,93,93,93,93
47.12299990653992,93,93,93,93,93
47.22199988365173,93,93,93,93,93
47.32299995422363,93,93,93,93,93
47.4229998588562,93,93,93,93,93
47.5220000743866,93,93,93,93,93
47.621999979019165,93,93,93,93,93
47.72199988365173,93,93,93,93,93
47.82099986076355,93,93,93,93,93
47.92199993133545,93,93,93,93,93
48.020999908447266,93,93,93,93,93
48.121999979019165,93,93,93,93,93
48.22199988365173,93,93,93,93,93
48.32099986076355,93,93,93,93,93
48.42199993133545,93,93,93,93,93
48.5220000743866,93,93,93,93,93
48.62100005149841,93,93,93,93,93
48.72199988365173,93,93,93,93,93
48.82200002670288,93,93,93,93,93
48.92199993133545,93,93,93,93,93
49.0220000743866,93,93,93,93,93
49.121999979019165,93,93,93,93,93
49.22199988365173,93,93,93,93,93
49.32200002670288,93,93,93,93,93
49.4229998588562,93,93,93,93,93
49.5220000743866,93,93,93,93,93
49.621999979019165,93,93,93,93,93
49.72199988365173,93,93,93,93,93
49.82099986076355,93,93,93,93,93
49.92199993133545,93,93,93,93,93
50.0220000743866,93,93,93,93,93
50.121999979019165,93,93,93,93,93
50.22199988365173,93,93,93,93,93
50.32200002670288,93,93,93,93,93
50.42199993133545,93,93,93,93,93
50.5220000743866,93,93,93,93,93
50.62299990653992,93,93,93,93,93
50.72199988365173,93,93,93,93,93
50.82200002670288,93,93,93,93,93
50.9229998588562,93,93,93,93,93
51.0220000743866,93,93,93,93,93
51.12299990653992,93,93,93,93,93
51.22199988365173,93,93,93,93,93
51.32200002670288,93,93,93,93,93
51.4229998588562,93,93,93,93,93
51.5220000743866,93,93,93,93,93
51.621999979019165,93,93,93,93,93
51.723000049591064,93,93,93,93,93
51.82200002670288,93,93,93,93,93
51.92199993133545,93,93,93,93,93
52.0220000743866,93,93,93,93,93
52.12100005149841,93,93,93,93,93
52.22199988365173,93,93,93,93,93
52.32200002670288,93,93,93,93,93
52.4210000038147,93,93,93,93,93
52.5220000743866,93,93,93,93,93
52.621999979019165,93,93,93,93,93
52.72099995613098,93,93,93,93,93
52.82200002670288,93,93,93,93,93
52.92199993133545,93,93,93,93,93
53.020999908447266,93,93,93,93,93
53.121999979019165,93,93,93,93,93
53.22199988365173,93,93,93,93,93
53.32200002670288,93,93,93,93,93
53.42199993133545,93,93,93,93,93
53.52300000190735,93,93,93,93,93
53.621999979019165,93,93,93,93,93
53.72199988365173,93,93,93,93,93
53.82299995422363,93,93,93,93,93
53.92199993133545,93,93,93,93,93
54.02300000190735,93,93,93,93,93
54.121999979019165,93,93,93,93,93
54.22099995613098,93,93,93,93,93
54.32200002670288,93,93,93,93,93
54.4210000038147,93,93,93,93,93
54.520999908447266,93,93,93,93,93
54.621999979019165,93,93,93,93,93
54.72099995613098,93,93,93,93,93
54.82099986076355,93,93,93,93,93
54.92199993133545,93,93,93,93,93
55.0220000743866,93,93,93,93,93
55.12299990653992,93,93,93,93,93
55.22199988365173,93,93,93,93,93
55.32099986076355,93,93,93,93,93
55.4210000038147,93,93,93,93,93
55.5220000743866,93,93,93,93,93
55.62100005149841,93,93,93,93,93
55.72199988365173,93,93,93,93,93
55.82200002670288,93,93,93,93,93
55.9210000038147,93,93,93,93,93
56.0220000743866,93,93,93,93,93
56.121999979019165,93,93,93,93,93
56.22099995613098,93,93,93,93,93
56.32200002670288,93,93,93,93,93
56.42199993133545,93,93,93,93,93
56.5220000743866,93,93,93,93,93
56.621999979019165,93,93,93,93,93
56.723000049591064,93,93,93,93,93
56.82200002670288,93,93,93,93,93
56.92199993133545,93,93,93,93,93
57.02300000190735,93,93,93,93,93
57.12100005149841,93,93,93,93,93
57.22199988365173,93,93,93,93,93
57.32200002670288,93,93,93,93,93
57.4210000038147,93,93,93,93,93
57.5220000743866,93,93,93,93,93
57.62100005149841,93,93,93,93,93
57.72099995613098,93,93,93,93,93
57.82200002670288,93,93,93,93,93
57.9210000038147,93,93,93,93,93
58.0220000743866,93,93,93,93,93
58.121999979019165,93,93,93,93,93
58.22099995613098,93,93,93,93,93
58.32200002670288,93,93,93,93,93
58.42199993133545,93,93,93,93,93
58.520999908447266,93,93,93,93,93
58.621999979019165,93,93,93,93,93
58.72199988365173,93,93,93,93,93
58.82099986076355,93,93,93,93,93
58.92199993133545,93,93,93,93,93
59.0220000743866,93,93,93,93,93
59.12100005149841,93,93,93,93,93
59.22199988365173,93,93,93,93,93
59.32200002670288,93,93,93,93,93
59.4210000038147,93,93,93,93,93
59.5220000743866,93,93,93,93,93
59.62299990653992,93,93,93,93,93
59.72099995613098,93,93,93,93,93
59.82200002670288,93,93,93,93,93
59.92199993133545,93,93,93,93,93
60.0220000743866,93,93,93,93,93
60.121999979019165,93,93,93,93,93
60.22199988365173,93,93,93,93,93
60.32099986076355,93,93,93,93,93
60.4210000038147,93,93,93,93,93
60.5220000743866,93,93,93,93,93
60.621999979019165,93,93,93,93,93
60.72199988365173,93,93,93,93,93
60.82200002670288,93,93,93,93,93
60.92199993133545,93,93,93,93,93
61.0220000743866,93,93,93,93,93
61.121999979019165,93,93,93,93,93
61.22199988365173,93,93,93,93,93
61.32299995422363,93,93,93,93,93
61.4210000038147,93,93,93,93,93
61.5220000743866,93,93,93,93,93
61.621999979019165,93,93,93,93,93
61.72199988365173,93,93,93,93,93
61.82200002670288,93,93,93,93,93
61.9229998588562,93,93,93,93,93
62.0220000743866,93,93,93,93,93
62.121999979019165,93,93,93,93,93
62.22199988365173,93,93,93,93,93
62.32200002670288,93,93,93,93,93
62.42199993133545,93,93,93,93,93
62.52300000190735,93,93,93,93,93
62.62100005149841,93,93,93,93,93
62.72099995613098,93,93,93,93,93
62.82200002670288,93,93,93,93,93
62.9210000038147,93,93,93,93,93
63.0220000743866,93,93,93,93,93
63.121999979019165,93,93,93,93,93
63.22099995613098,93,93,93,93,93
63.32200002670288,93,93,93,93,93
63.42199993133545,93,93,93,93,93
63.520999908447266,93,93,93,93,93
63.621999979019165,93,93,93,93,93
63.72199988365173,93,93,93,93,93
63.82099986076355,93,93,93,93,93
63.9229998588562,93,93,93,93,93
64.0220000743866,93,93,93,93,93
64.12199997901917,93,93,93,93,93
64.22300004959106,93,93,93,93,93
64.32200002670288,93,93,93,93,93
64.42199993133545,93,93,93,93,93
64.5220000743866,93,93,93,93,93
64.62100005149841,93,93,93,93,93
64.72099995613098,93,93,93,93,93
64.82099986076355,93,93,93,93,93
64.9210000038147,93,93,93,93,93
65.02099990844727,93,93,93,93,93
65.12199997901917,93,93,93,93,93
65.22099995613098,93,93,93,93,93
65.32099986076355,93,93,93,93,93
65.42199993133545,93,93,93,93,93
65.52099990844727,93,93,93,93,93
65.62100005149841,93,93,93,93,93
65.72199988365173,93,93,93,93,93
65.82099986076355,93,93,93,93,93
65.92199993133545,93,93,93,93,93
66.0220000743866,93,93,93,93,93
66.12100005149841,93,93,93,93,93
66.22199988365173,93,93,93,93,93
66.32200002670288,93,93,93,93,93
66.42199993133545,93,93,93,93,93
66.5220000743866,93,93,93,93,93
66.62199997901917,93,93,93,93,93
66.72199988365173,93,93,93,93,93
66.82200002670288,93,93,93,93,93
66.9210000038147,93,93,93,93,93
67.02099990844727,93,93,93,93,93
67.12100005149841,93,93,93,93,93
67.22099995613098,93,93,93,93,93
67.32099986076355,93,93,93,93,93
67.4210000038147,93,93,93,93,93
67.52099990844727,93,93,93,93,93
67.62100005149841,93,93,93,93,93
67.72199988365173,93,93,93,93,93
67.82099986076355,93,93,93,93,93
67.9210000038147,93,93,93,93,93
68.0220000743866,93,93,93,93,93
68.12100005149841,93,93,93,93,93
68.22099995613098,93,93,93,93,93
68.32200002670288,93,93,93,93,93
68.4210000038147,93,93,93,93,93
68.52099990844727,93,93,93,93,93
68.62199997901917,93,93,93,93,93
68.72199988365173,93,93,93,93,93
68.82200002670288,93,93,93,93,93
68.92199993133545,93,93,93,93,93
69.0220000743866,93,93,93,93,93
69.12199997901917,93,93,93,93,93
69.22099995613098,93,93,93,93,93
69.32099986076355,93,93,93,93,93
69.4210000038147,93,93,93,93,93
69.52099990844727,93,93,93,93,93
69.62100005149841,93,93,93,93,93
69.72099995613098,93,93,93,93,93
69.82200002670288,93,93,93,93,93
69.9210000038147,93,93,93,93,93
70.02099990844727,93,93,93,93,93
70.12199997901917,93,93,93,93,93
70.22099995613098,93,93,93,93,93
70.32200002670288,93,93,93,93,93
70.4210000038147,93,93,93,93,93
70.52099990844727,93,93,93,93,93
70.62199997901917,93,93,93,93,93
70.72099995613098,93,93,93,93,93
70.82099986076355,93,93,93,93,93
70.92199993133545,93,93,93,93,93
71.02099990844727,93,93,93,93,93
71.12100005149841,93,93,93,93,93
71.22199988365173,93,93,93,93,93
71.32099986076355,93,93,93,93,93
71.42199993133545,93,93,93,93,93
71.5220000743866,93,93,93,93,93
71.62100005149841,93,93,93,93,93
71.72199988365173,93,93,93,93,93
71.82200002670288,93,93,93,93,93
71.9210000038147,93,93,93,93,93
72.0220000743866,93,93,93,93,93
72.12199997901917,93,93,93,93,93
72.22099995613098,93,93,93,93,93
72.32200002670288,93,93,93,93,93
72.42199993133545,93,93,93,93,93
72.52099990844727,93,93,93,93,93
72.62199997901917,93,93,93,93,93
72.72099995613098,93,93,93,93,93
72.82099986076355,93,93,93,93,93
72.9210000038147,93,93,93,93,93
73.0220000743866,93,93,93,93,93
73.12100005149841,93,93,93,93,93
73.22099995613098,93,93,93,93,93
73.32200002670288,93,93,93,93,93
73.4210000038147,93,93,93,93,93
73.52099990844727,93,93,93,93,93
73.62100005149841,93,93,93,93,93
73.72099995613098,93,93,93,93,93
73.82200002670288,93,93,93,93,93
73.9210000038147,93,93,93,93,93
74.02099990844727,93,93,93,93,93
74.12199997901917,93,93,93,93,93
74.22099995613098,93,93,93,93,93
74.32099986076355,93,93,93,93,93
74.4210000038147,93,93,93,93,93
74.52099990844727,93,93,93,93,93
74.62100005149841,93,93,93,93,93
74.72199988365173,93,93,93,93,93
74.82099986076355,93,93,93,93,93
74.9210000038147,93,93,93,93,93
75.0220000743866,93,93,93,93,93
75.12100005149841,93,93,93,93,93
75.22099995613098,93,93,93,93,93
75.32200002670288,93,93,93,93,93
75.4210000038147,93,93,93,93,93
75.5220000743866,93,93,93,93,93
75.62199997901917,93,93,93,93,93
75.72199988365173,93,93,93,93,93
75.82099986076355,93,93,93,93,93
75.9210000038147,93,93,93,93,93
76.02099990844727,93,93,93,93,93
76.12100005149841,93,93,93,93,93
76.22099995613098,93,93,93,93,93
76.32099986076355,93,93,93,93,93
76.4210000038147,93,93,93,93,93
76.5220000743866,93,93,93,93,93
76.62100005149841,93,93,93,93,93
76.72199988365173,93,93,93,93,93
76.82099986076355,93,93,93,93,93
76.9210000038147,93,93,93,93,93
77.0220000743866,93,93,93,93,93
77.12100005149841,93,93,93,93,93
77.22099995613098,93,93,93,93,93
77.32200002670288,93,93,93,93,93
77.4210000038147,93,93,93,93,93
77.52099990844727,93,93,93,93,93
77.62199997901917,93,93,93,93,93
77.72099995613098,93,93,93,93,93
77.82200002670288,93,93,93,93,93
77.92199993133545,93,93,93,93,93
78.02099990844727,93,93,93,93,93
78.12199997901917,93,93,93,93,93
78.22099995613098,93,93,93,93,93
78.3199999332428,93,93,93,93,93
78.4210000038147,93,93,93,93,93
78.52099990844727,93,93,93,93,93
78.62100005149841,93,93,93,93,93
78.72099995613098,93,93,93,93,93
78.82099986076355,93,93,93,93,93
78.9210000038147,93,93,93,93,93
79.02099990844727,93,93,93,93,93
79.12100005149841,93,93,93,93,93
79.22099995613098,93,93,93,93,93
79.32099986076355,93,93,93,93,93
79.4210000038147,93,93,93,93,93
79.52099990844727,93,93,93,93,93
79.62100005149841,93,93,93,93,93
79.72099995613098,93,93,93,93,93
79.82099986076355,93,93,93,93,93
79.9210000038147,93,93,93,93,93
80.02099990844727,93,93,93,93,93
80.12100005149841,93,93,93,93,93
80.22099995613098,93,93,93,93,93
80.32099986076355,93,93,93,93,93
80.4210000038147,93,93,93,93,93
80.52099990844727,93,93,93,93,93
80.62100005149841,93,93,93,93,93
80.72099995613098,93,93,93,93,93
80.82200002670288,93,93,93,93,93
80.9210000038147,93,93,93,93,93
81.02099990844727,93,93,93,93,93
81.12199997901917,93,93,93,93,93
81.22099995613098,93,93,93,93,93
81.32099986076355,93,93,93,93,93
81.42199993133545,93,93,93,93,93
81.52099990844727,93,93,93,93,93
81.62199997901917,93,93,93,93,93
81.72199988365173,93,93,93,93,93
81.82099986076355,93,93,93,93,93
81.92199993133545,93,93,93,93,93
82.02099990844727,93,93,93,93,93
82.12100005149841,93,93,93,93,93
82.22099995613098,93,93,93,93,93
82.32099986076355,93,93,93,93,93
82.4210000038147,93,93,93,93,93
82.52099990844727,93,93,93,93,93
82.62199997901917,93,93,93,93,93
82.72099995613098,93,93,93,93,93
82.82099986076355,93,93,93,93,93
82.92199993133545,93,93,93,93,93
83.02099990844727,93,93,93,93,93
83.12199997901917,93,93,93,93,93
83.22099995613098,93,93,93,93,93
83.32099986076355,93,93,93,93,93
83.4210000038147,93,93,93,93,93
83.51999998092651,93,93,93,93,93
83.62100005149841,93,93,93,93,93
83.72099995613098,93,93,93,93,93
83.82099986076355,93,93,93,93,93
83.9210000038147,93,93,93,93,93
84.02099990844727,93,93,93,93,93
84.12100005149841,93,93,93,93,93
84.22099995613098,93,93,93,93,93
84.32200002670288,93,93,93,93,93
84.4210000038147,93,93,93,93,93
84.5220000743866,93,93,93,93,93
84.62199997901917,93,93,93,93,93
84.72099995613098,93,93,93,93,93
84.82099986076355,93,93,93,93,93
84.9210000038147,93,93,93,93,93
85.01999998092651,93,93,93,93,93
85.12100005149841,93,93,93,93,93
85.22099995613098,93,93,93,93,93
85.32099986076355,93,93,93,93,93
85.4210000038147,93,93,93,93,93
85.52099990844727,93,93,93,93,93
85.62100005149841,93,93,93,93,93
85.72099995613098,93,93,93,93,93
85.82099986076355,93,93,93,93,93
85.9210000038147,93,93,93,93,93
86.0220000743866,93,93,93,93,93
86.12199997901917,93,93,93,93,93
86.22099995613098,93,93,93,93,93
86.32200002670288,93,93,93,93,93
86.4210000038147,93,93,93,93,93
86.52099990844727,93,93,93,93,93
86.62199997901917,93,93,93,93,93
86.72000002861023,93,93,93,93,93
86.82099986076355,93,93,93,93,93
86.9210000038147,93,93,93,93,93
87.01999998092651,93,93,93,93,93
87.12100005149841,93,93,93,93,93
87.22199988365173,93,93,93,93,93
87.32099986076355,93,93,93,93,93
87.4210000038147,93,93,93,93,93
87.52099990844727,93,93,93,93,93
87.62100005149841,93,93,93,93,93
87.72099995613098,93,93,93,93,93
87.82099986076355,93,93,93,93,93
87.9210000038147,93,93,93,93,93
88.02099990844727,93,93,93,93,93
88.12199997901917,93,93,93,93,93
88.22099995613098,93,93,93,93,93
88.32099986076355,93,93,93,93,93
88.42199993133545,93,93,93,93,93
88.52099990844727,93,93,93,93,93
88.62100005149841,93,93,93,93,93
88.72199988365173,93,93,93,93,93
88.82099986076355,93,93,93,93,93
88.92199993133545,93,93,93,93,93
89.0220000743866,93,93,93,93,93
89.12100005149841,93,93,93,93,93
89.22099995613098,93,93,93,93,93
89.32099986076355,93,93,93,93,93
89.42000007629395,93,93,93,93,93
89.52099990844727,93,93,93,93,93
89.63599991798401,93,93,93,93,93
89.72099995613098,93,93,93,93,93
89.82099986076355,93,93,93,93,93
89.92000007629395,93,93,93,93,93
90.02099990844727,93,93,93,93,93
90.12100005149841,93,93,93,93,93
90.22000002861023,93,93,93,93,93
90.32099986076355,93,93,93,93,93
90.4210000038147,93,93,93,93,93
90.52099990844727,93,93,93,93,93
90.62100005149841,93,93,93,93,93
90.72099995613098,93,93,93,93,93
90.82099986076355,93,93,93,93,93
90.9210000038147,93,93,93,93,93
91.0220000743866,93,93,93,93,93
91.11999988555908,93,93,93,93,93
91.22000002861023,93,93,93,93,93
91.32099986076355,93,93,93,93,93
91.42000007629395,93,93,93,93,93
91.52099990844727,93,93,93,93,93
91.62100005149841,93,93,93,93,93
91.72000002861023,93,93,93,93,93
91.82099986076355,93,93,93,93,93
91.92199993133545,93,93,93,93,93
92.02099990844727,93,93,93,93,93
92.12100005149841,93,93,93,93,93
92.22199988365173,93,93,93,93,93
92.32099986076355,93,93,93,93,93
92.4210000038147,93,93,93,93,93
92.5220000743866,93,93,93,93,93
92.62100005149841,93,93,93,93,93
92.72199988365173,93,93,93,93,93
92.82099986076355,93,93,93,93,93
92.9210000038147,93,93,93,93,93
93.02099990844727,93,93,93,93,93
93.11999988555908,93,93,93,93,93
93.22000002861023,93,93,93,93,93
93.32099986076355,93,93,93,93,93
93.42000007629395,93,93,93,93,93
93.52099990844727,93,93,93,93,93
93.62100005149841,93,93,93,93,93
93.72000002861023,93,93,93,93,93
93.82099986076355,93,93,93,93,93
93.9210000038147,93,93,93,93,93
94.01999998092651,93,93,93,93,93
94.12100005149841,93,93,93,93,93
94.22099995613098,93,93,93,93,93
94.3199999332428,93,93,93,93,93
94.4210000038147,93,93,93,93,93
94.52099990844727,93,93,93,93,93
94.61999988555908,93,93,93,93,93
94.72099995613098,93,93,93,93,93
94.82099986076355,93,93,93,93,93
94.9210000038147,93,93,93,93,93
95.02099990844727,93,93,93,93,93
95.12199997901917,93,93,93,93,93
95.22099995613098,93,93,93,93,93
95.32099986076355,93,93,93,93,93
95.42199993133545,93,93,93,93,93
95.52099990844727,93,93,93,93,93
95.62100005149841,93,93,93,93,93
95.72099995613098,93,93,93,93,93
95.8199999332428,93,93,93,93,93
95.9210000038147,93,93,93,93,93
96.01999998092651,93,93,93,93,93
96.11999988555908,93,93,93,93,93
96.22099995613098,93,93,93,93,93
96.3199999332428,93,93,93,93,93
96.4210000038147,93,93,93,93,93
96.52099990844727,93,93,93,93,93
96.61999988555908,93,93,93,93,93
96.72099995613098,93,93,93,93,93
96.82099986076355,93,93,93,93,93
96.92000007629395,93,93,93,93,93
97.02099990844727,93,93,93,93,93
97.12100005149841,93,93,93,93,93
97.22099995613098,93,93,93,93,93
97.32099986076355,93,93,93,93,93
97.4210000038147,93,93,93,93,93
97.52099990844727,93,93,93,93,93
97.62100005149841,93,93,93,93,93
97.72099995613098,93,93,93,93,93
97.82099986076355,93,93,93,93,93
97.9210000038147,93,93,93,93,93
98.02099990844727,93,93,93,93,93
98.11999988555908,93,93,93,93,93
98.22000002861023,93,93,93,93,93
98.32099986076355,93,93,93,93,93
98.42000007629395,93,93,93,93,93
98.52099990844727,93,93,93,93,93
98.62100005149841,93,93,93,93,93
98.72000002861023,93,93,93,93,93
98.82099986076355,93,93,93,93,93
98.9210000038147,93,93,93,93,93
99.01999998092651,93,93,93,93,93
99.12100005149841,93,93,93,93,93
99.22000002861023,93,93,93,93,93
99.3199999332428,93,93,93,93,93
99.4210000038147,93,93,93,93,93
99.51999998092651,93,93,93,93,93
99.62100005149841,93,93,93,93,93
99.72099995613098,93,93,93,93,93
99.8199999332428,93,93,93,93,93
99.9210000038147,93,93,93,93,93
100.02099990844727,93,93,93,93,93
100.11999988555908,93,93,93,93,93
100.22099995613098,93,93,93,93,93
100.32099986076355,93,93,93,93,93
100.42000007629395,93,93,93,93,93
100.51999998092651,93,93,93,93,93
100.62100005149841,93,93,93,93,93
100.72000002861023,93,93,93,93,93
100.8199999332428,93,93,93,93,93
100.9210000038147,93,93,93,93,93
101.01999998092651,93,93,93,93,93
101.11999988555908,93,93,93,93,93
101.22099995613098,93,93,93,93,93
101.3199999332428,93,93,93,93,93
101.4210000038147,93,93,93,93,93
101.52099990844727,93,93,93,93,93
101.61999988555908,93,93,93,93,93
101.72099995613098,93,93,93,93,93
101.82099986076355,93,93,93,93,93
101.92000007629395,93,93,93,93,93
102.02099990844727,93,93,93,93,93
102.12100005149841,93,93,93,93,93
102.22000002861023,93,93,93,93,93
102.32099986076355,93,93,93,93,93
102.42000007629395,93,93,93,93,93
102.52099990844727,93,93,93,93,93
102.62100005149841,93,93,93,93,93
102.72000002861023,93,93,93,93,93
102.82099986076355,93,93,93,93,93
102.9210000038147,93,93,93,93,93
103.01999998092651,93,93,93,93,93
103.12100005149841,93,93,93,93,93
103.22099995613098,93,93,93,93,93
103.3199999332428,93,93,93,93,93
103.42000007629395,93,93,93,93,93
103.52099990844727,93,93,93,93,93
103.61999988555908,93,93,93,93,93
103.72000002861023,93,93,93,93,93
103.82099986076355,93,93,93,93,93
103.92000007629395,93,93,93,93,93
104.01999998092651,93,93,93,93,93
104.12100005149841,93,93,93,93,93
104.22000002861023,93,93,93,93,93
104.32099986076355,93,93,93,93,93
104.4210000038147,93,93,93,93,93
104.51999998092651,93,93,93,93,93
104.62100005149841,93,93,93,93,93
104.72099995613098,93,93,93,93,93
104.8199999332428,93,93,93,93,93
104.9210000038147,93,93,93,93,93
105.02099990844727,93,93,93,93,93
105.12100005149841,93,93,93,93,93
105.22099995613098,93,93,93,93,93
105.32200002670288,93,93,93,93,93
105.4210000038147,93,93,93,93,93
105.52099990844727,93,93,93,93,93
105.61999988555908,93,93,93,93,93
105.72000002861023,93,93,93,93,93
105.8199999332428,93,93,93,93,93
105.92000007629395,93,93,93,93,93
106.01999998092651,93,93,93,93,93
106.11999988555908,93,93,93,93,93
106.22000002861023,93,93,93,93,93
106.3199999332428,93,93,93,93,93
106.4210000038147,93,93,93,93,93
106.51999998092651,93,93,93,93,93
106.62100005149841,93,93,93,93,93
106.72099995613098,93,93,93,93,93
106.8199999332428,93,93,93,93,93
106.9210000038147,93,93,93,93,93
107.02099990844727,93,93,93,93,93
107.11999988555908,93,93,93,93,93
107.22099995613098,93,93,93,93,93
107.32099986076355,93,93,93,93,93
107.4210000038147,93,93,93,93,93
107.51999998092651,93,93,93,93,93
107.62100005149841,93,93,93,93,93
107.72000002861023,93,93,93,93,93
107.8199999332428,93,93,93,93,93
107.9210000038147,93,93,93,93,93
108.01999998092651,93,93,93,93,93
108.11999988555908,93,93,93,93,93
108.22099995613098,93,93,93,93,93
108.3199999332428,93,93,93,93,93
108.42000007629395,93,93,93,93,93
108.52099990844727,93,93,93,93,93
108.61999988555908,93,93,93,93,93
108.72099995613098,93,93,93,93,93
108.8199999332428,93,93,93,93,93
108.92000007629395,93,93,93,93,93
109.02099990844727,93,93,93,93,93
109.11999988555908,93,93,93,93,93
109.22000002861023,93,93,93,93,93
109.32099986076355,93,93,93,93,93
109.42000007629395,93,93,93,93,93
109.51999998092651,93,93,93,93,93
109.62100005149841,93,93,93,93,93
109.72399997711182,93,93,93,93,93
109.82200002670288,93,93,93,93,93
